id,Churn
437,0.11028044996783137
2280,0.5277323499321938
2235,0.14056050963699818
4460,0.36322567611932755
3761,0.1031217643758282
5748,0.4232041221112013
3568,0.3343877326697111
2976,0.1710615325719118
5928,0.10098368994658813
1639,0.31860223039984703
2079,0.28250421211123466
1280,0.11291175615042448
667,0.2713293842971325
3524,0.4384369347244501
5283,0.18422234524041414
485,0.12589308433234692
6121,0.10439992812462151
2136,0.5365139730274677
6501,0.22082234732806683
5356,0.13789757806807756
6529,0.581759586930275
1242,0.2696406990289688
1615,0.11015821434557438
5082,0.1095939518418163
5389,0.22729599568992853
3985,0.1940555414184928
761,0.35396018251776695
6125,0.5308239087462425
6053,0.1204369873739779
5547,0.5917301177978516
1838,0.35721920244395733
6979,0.44117610715329647
4345,0.10399538115598261
3553,0.10222719598095864
346,0.6014550067484379
3624,0.2914324402809143
950,0.4113590605556965
3707,0.10248458234127611
6633,0.6485857162624598
2488,0.19566389545798302
4852,0.10295730154030025
2519,0.6347128823399544
5400,0.3343911375850439
1520,0.17868312820792198
3712,0.13668489689007401
880,0.4778969530016184
3510,0.5708414167165756
6114,0.3200585711747408
3283,0.1037389209959656
523,0.2502870298922062
1035,0.10362445074133575
2246,0.5548158586025238
6140,0.17831214889883995
4030,0.2794737443327904
2255,0.30380480363965034
6304,0.45532484352588654
5965,0.14121501659974456
5614,0.1479913480579853
5601,0.18165604583919048
2466,0.10142396576702595
4914,0.10258772794622928
5086,0.11833942867815495
888,0.1640544501133263
123,0.19415610935539007
3408,0.32184609584510326
3362,0.4355171825736761
7011,0.2163873491808772
3158,0.22381453029811382
5968,0.1988134505227208
5300,0.6223821472376585
4761,0.10272232035640627
4441,0.11691563739441335
290,0.42317916080355644
4120,0.1561864223331213
3704,0.1397104267962277
1718,0.11876190174371004
5202,0.15990538243204355
1472,0.35759134963154793
3217,0.16458879876881838
4530,0.10107612272258848
3211,0.10545633698347956
1016,0.10224823257885873
1577,0.17619952093809843
642,0.6549601312726736
4770,0.1030859233578667
3856,0.36615533009171486
6314,0.5071673318743706
3185,0.44693371281027794
4594,0.40709748305380344
6478,0.14783011935651302
3975,0.42497019097208977
1461,0.31498389691114426
2268,0.10224775632377714
1999,0.4415287245064974
2361,0.4327563848346472
4728,0.10371695063076913
6481,0.4091550912708044
6942,0.10347097890917212
1334,0.5795623026788235
5150,0.19011562876403332
2448,0.5248831920325756
2231,0.42814433388412
203,0.40135166607797146
1644,0.280532656237483
1014,0.29671943560242653
6614,0.10233981010969728
5710,0.16236418299376965
1153,0.11399501492269337
6332,0.1522685857489705
3604,0.14982792362570763
1076,0.10478788742329925
3978,0.5015790984034538
3166,0.20357342902570963
6133,0.42342887818813324
185,0.5342340022325516
4686,0.13575023016892374
3516,0.4898404348641634
1175,0.3728957325220108
1606,0.12276147631928325
1653,0.10140213707927614
2180,0.11936139082536101
1807,0.6121746953576803
2292,0.10573861212469637
1560,0.11613305332139134
5393,0.5984301697462797
6208,0.1040611881762743
1987,0.3854005094617605
5205,0.2189844362437725
3792,0.4743851572275162
4193,0.16656291764229536
6388,0.3032238408923149
5207,0.29270621947944164
675,0.1500910809263587
300,0.17396181914955378
5093,0.11268406268209219
6191,0.21652458794414997
2259,0.10318829340394586
4802,0.15762113686650991
4231,0.1015165401622653
402,0.329094959422946
1036,0.13357523316517472
7002,0.16654827445745468
747,0.47501522302627563
2373,0.1421318119391799
3719,0.10426511522382498
2743,0.14385646348819137
2755,0.1516274157911539
110,0.285704230889678
1801,0.26885261200368404
1184,0.31001986004412174
2681,0.10502723604440689
4079,0.4011229258030653
6239,0.18134302739053965
3236,0.2835227698087692
5098,0.6065071076154709
2383,0.2826363854110241
4782,0.5408012382686138
180,0.38241500221192837
3044,0.48514672741293907
2521,0.3809751458466053
4855,0.12305187433958054
2143,0.15086834505200386
4201,0.10082511196378618
1855,0.1015206960728392
3182,0.12676673522219062
3721,0.1707490310072899
6571,0.1162928391713649
3240,0.24115125834941864
3359,0.1582345822826028
4152,0.1044070296920836
4571,0.3106334041804075
2194,0.6538583505898714
1792,0.15552961360663176
2526,0.2584519423544407
195,0.3880954757332802
558,0.3718255180865526
5671,0.10309159231837839
2649,0.10306486755143851
2590,0.2934869974851608
4046,0.18342241644859314
1543,0.4884413331747055
5034,0.1538577633909881
4154,0.5953394286334515
223,0.2860892675817013
2338,0.10219357418827713
6919,0.26681479439139366
342,0.14625754137523472
7001,0.38671499118208885
907,0.18278697039932013
6070,0.10719603707548231
2923,0.20884637255221605
7016,0.39509245567023754
2686,0.48533565178513527
6492,0.10165535367559642
2931,0.46252697706222534
3464,0.36407724022865295
6455,0.34285287372767925
5619,0.18775083031505346
2850,0.35647832229733467
2102,0.3444624822586775
4436,0.22277150955051184
3234,0.10352456755936146
3944,0.10345739731565118
3670,0.16958389896899462
5595,0.15838687028735876
5080,0.18887651711702347
4923,0.15129315108060837
3207,0.17813162971287966
3376,0.30605015717446804
5730,0.10257857572287321
4140,0.15774378459900618
4161,0.3925749994814396
3831,0.24554768949747086
1347,0.10347576159983873
9,0.10929871699772775
5013,0.2618786860257387
1092,0.10472247889265418
4461,0.3968056309968233
5381,0.44045428186655045
3799,0.16686809342354536
4696,0.19644047878682613
2914,0.1735629364848137
4537,0.3065234050154686
1554,0.1328049844596535
5250,0.5024155229330063
1380,0.16054302267730236
4224,0.1007896326482296
4552,0.16645780764520168
5133,0.5222197063267231
352,0.5856261514127254
1444,0.1499153347685933
3918,0.4438437893986702
4755,0.34008271060884
2646,0.10602808219846338
2275,0.6475072223693132
3755,0.6152012683451176
6853,0.32494604028761387
150,0.33265610225498676
3174,0.19297425914555788
4867,0.40527514554560184
3043,0.5059122368693352
3172,0.41753135807812214
4379,0.14836722053587437
4533,0.19887660536915064
3357,0.4683417323976755
2543,0.3770443107932806
5360,0.4971669502556324
6268,0.11677079531364143
993,0.10307754657696933
4070,0.4081692025065422
1766,0.102278922800906
4022,0.14613786758854985
1448,0.13894914090633392
6720,0.12216792302206159
5509,0.32947809621691704
6731,0.10345937218517065
3736,0.11539827776141465
5797,0.2780698649585247
5669,0.24484026990830898
2860,0.40722227841615677
3824,0.3997142259031534
2967,0.15152133349329233
714,0.10326680890284479
4676,0.19102501217275858
2911,0.5672921519726515
4653,0.1962675852701068
492,0.4545373059809208
1321,0.10836566775105894
3669,0.32280424796044827
5652,0.5018053688108921
6777,0.4034944474697113
4147,0.10425677185412496
3848,0.3743853773921728
6149,0.3299612272530794
3897,0.1158461938612163
5809,0.5681735910475254
2367,0.5903631299734116
2219,0.3526562210172415
2397,0.6523691359907389
519,0.1611226312816143
3505,0.4062668066471815
5012,0.1498533310368657
685,0.4054866936057806
3812,0.1161829570773989
4986,0.3812408186495304
2294,0.5905762165784836
5006,0.19571666792035103
3665,0.12562501337379217
2155,0.48547734692692757
5487,0.10305685875937343
4817,0.35691400058567524
1219,0.20487312134355307
4206,0.10730234393849969
5067,0.1481065764091909
4317,0.10780180292204022
2486,0.267085425555706
895,0.3189355581998825
580,0.14421071531251073
686,0.10901848087087274
6523,0.12414510175585747
3466,0.10383366316091269
5715,0.2888471558690071
2902,0.477543618530035
3317,0.1363012157380581
6179,0.5186199322342873
6057,0.236077344045043
1343,0.13547486392781138
4018,0.1570249553769827
2674,0.1577981235459447
1316,0.166686300188303
302,0.5653513707220554
6015,0.46783843636512756
1584,0.1201357941608876
3970,0.13926044292747974
4160,0.11728475126437843
3898,0.10556395608000457
5484,0.1580574931576848
6457,0.14594254922121763
1890,0.3044448159635067
3145,0.5480088964104652
2699,0.3854838404804468
6308,0.461403239518404
3216,0.442437507212162
2849,0.15042539406567812
7033,0.36406845040619373
1552,0.10794470715336502
3694,0.14819260872900486
4253,0.4868220426142216
894,0.14542167587205768
6436,0.10253362113144249
2892,0.32030305452644825
2005,0.252312621101737
5470,0.1181712516117841
1127,0.11626400728709996
5181,0.1028474010527134
4408,0.10337495128624141
1070,0.4614090882241726
4984,0.1447458420880139
5886,0.10616407566703856
3155,0.10206136538181454
2915,0.10129382187733427
809,0.6576276700943708
5623,0.18529780767858028
4725,0.30709441378712654
6748,0.6356921847909689
6945,0.13903830433264375
6951,0.10221046186052263
1509,0.403320100158453
4423,0.21988440863788128
1088,0.46984964050352573
6098,0.12925586057826877
3844,0.15157223772257566
7036,0.16965456306934357
5902,0.22196615673601627
5828,0.10194428026443347
3320,0.24137307330965996
3818,0.15932254306972027
2580,0.45327531546354294
4600,0.13803724478930235
2798,0.5771283004432917
1851,0.5461321882903576
5725,0.10338988527655602
4008,0.18399731162935495
3751,0.25060044415295124
3291,0.2233441499993205
6537,0.19382754806429148
2961,0.21062467712908983
1123,0.11544843087904155
4113,0.10450687678530812
2319,0.48673688992857933
5975,0.5496237725019455
4473,0.4631143268197775
768,0.32647076807916164
4151,0.3025519009679556
2711,0.19039406348019838
6075,0.19322597421705723
3437,0.14764156518504024
311,0.3404954671859741
2424,0.14667448680847883
1237,0.10334128770045936
3398,0.18823775090277195
6230,0.36288413032889366
5515,0.10189880162943155
4165,0.5758538022637367
1578,0.25355702824890614
5512,0.26344854198396206
6346,0.3583981841802597
5168,0.4678766131401062
6657,0.11191214341670275
51,0.43894438073039055
2064,0.10945216310210526
800,0.12497815629467368
14,0.3640516381710768
884,0.13251703372225165
6108,0.20764232985675335
4666,0.14747992251068354
6383,0.10592180537059903
5449,0.15436521265655756
949,0.10324066085740924
1549,0.47027822956442833
1693,0.10982693289406598
4185,0.32357311248779297
1648,0.23926097434014082
2691,0.17818077560514212
1288,0.10376007831655443
2792,0.28951955400407314
658,0.10512757825199515
5842,0.3069434128701687
4947,0.5513852126896381
6747,0.11600088677369058
5615,0.33409527875483036
4810,0.4478242062032223
4664,0.43242000974714756
4856,0.42310480400919914
3744,0.1452675899490714
7,0.21701991837471724
5736,0.3603089340031147
5039,0.5569144897162914
3790,0.10747178632300347
2290,0.3040413875132799
183,0.15373319014906883
5587,0.16284397011622787
1037,0.36168637685477734
3251,0.36773799918591976
2701,0.1036038005258888
760,0.31207879818975925
6324,0.4487590380012989
5675,0.5136953704059124
165,0.10139267065096647
2593,0.10193884454201907
404,0.10272289777640253
5166,0.20421951916068792
6104,0.12763973884284496
3957,0.1784568140283227
4281,0.17260564304888248
6190,0.6172236707061529
832,0.13665914349257946
805,0.11719298246316612
5773,0.1874598227441311
1557,0.2530203312635422
6127,0.23249714635312557
6885,0.37944358587265015
2088,0.1425329209305346
5234,0.19225496239960194
4259,0.17789650615304708
683,0.21690110303461552
2472,0.10619203001260757
1162,0.11540565732866526
2139,0.41244321316480637
2968,0.5289084352552891
3798,0.47231049090623856
3769,0.1565158711746335
6973,0.21149669773876667
4475,0.173947025090456
6574,0.5853337571024895
1277,0.10208582459017634
6207,0.28706552274525166
743,0.10604372923262417
2138,0.10254135937429965
5891,0.21962140314280987
4305,0.10262077511288226
2204,0.21112830191850662
2467,0.2856906894594431
3112,0.12271642405539751
6735,0.10275628312956542
1756,0.1456925319507718
2034,0.11156432679854333
541,0.24785120598971844
4629,0.14903857838362455
1254,0.11422993871383369
6786,0.22083208058029413
6946,0.2228511217981577
796,0.14459079504013062
4028,0.14890720741823316
4210,0.16260439064353704
6423,0.10103116877144203
2576,0.277860414236784
2278,0.36718044243752956
453,0.37947474233806133
1887,0.3433326557278633
3554,0.48983170464634895
3293,0.3852553777396679
5804,0.10168006271123886
2608,0.3041381984949112
1568,0.5522328447550535
2913,0.10430733417160809
2351,0.10192185139749199
1846,0.10418910696171224
1083,0.599646233022213
6206,0.25199422612786293
626,0.4009963497519493
3647,0.47607463225722313
2810,0.2040277374908328
5716,0.5184567160904408
1033,0.10208472795784473
6889,0.5664031766355038
5316,0.23583266325294971
479,0.2556037586182356
344,0.10356361838057637
4264,0.4856337681412697
3109,0.10345813259482384
5355,0.2966642268002033
1381,0.48871591314673424
984,0.10131365968845785
657,0.11824110965244472
350,0.10519105766434222
4486,0.22372114565223455
4038,0.10337787482421845
3638,0.3243865668773651
1697,0.10348805028479546
933,0.6252096109092236
4266,0.19087766390293837
621,0.18596801441162825
1706,0.11923519521951675
3837,0.33891167119145393
6964,0.1819154666736722
3988,0.12665482936426997
1881,0.22564385645091534
3874,0.370134886354208
2329,0.2042700918391347
6725,0.17413040343672037
4422,0.19311540946364403
3117,0.24083954095840454
5194,0.444226436316967
4402,0.1971966801211238
985,0.37242472544312477
4627,0.18947894219309092
101,0.2767677679657936
1388,0.2398130390793085
4114,0.10120132484007627
2118,0.3998555839061737
1654,0.11412363266572356
6292,0.2823801450431347
3991,0.594892293214798
4527,0.14786615874618292
6419,0.21623789332807064
2286,0.2463001012802124
3377,0.10410206019878387
6726,0.4487578496336937
4740,0.21011515613645315
6142,0.2437555305659771
6245,0.17378959618508816
680,0.5939897168427706
4670,0.1887022675946355
6174,0.45726449973881245
1351,0.15328696090728045
1844,0.1408980367705226
2704,0.14781238650903106
4478,0.4843322057276964
2509,0.10221939149778336
4171,0.15244806930422783
4977,0.10432044335175306
1023,0.4067373760044575
3541,0.1857342477887869
454,0.10250770160928369
4648,0.473489660769701
3050,0.5036770291626453
1519,0.47181132063269615
958,0.15356026869267225
4572,0.42476680874824524
315,0.22781058214604855
6796,0.2965574339032173
978,0.2592424489557743
2695,0.13929751655086875
791,0.15085793193429708
156,0.37688351795077324
6509,0.49872926622629166
260,0.5366229806095362
2516,0.5253634750843048
3007,0.4247632119804621
266,0.10619123047217727
1774,0.3405826073139906
882,0.43950938433408737
3565,0.4929214417934418
6270,0.10145613842178136
5585,0.3440774716436863
3787,0.30093120224773884
476,0.23539710976183414
6794,0.1017243763199076
6426,0.13415091950446367
3777,0.10355512076057494
6557,0.46350159496068954
2981,0.10282885248307139
1329,0.10152483230922371
1760,0.13877023570239544
3656,0.1269292593933642
6970,0.5922554656863213
5560,0.1966015687212348
1909,0.11116443574428558
1040,0.41417635045945644
6539,0.22657947149127722
5822,0.3261964004486799
5048,0.2377860341221094
6991,0.5382529050111771
1783,0.6200585644692183
5078,0.18378644343465567
2154,0.10188153362832963
6073,0.10488390666432679
5183,0.3014081809669733
1440,0.10829484486021101
6650,0.15434507466852665
6838,0.4687865637242794
73,0.10273331170901656
524,0.47841160744428635
85,0.5603465773165226
4748,0.10334633733145893
5270,0.15373442275449634
1883,0.27212277241051197
6674,0.1615459444001317
4166,0.10508467629551888
212,0.1023369861068204
5617,0.15846238425001502
1250,0.17086455784738064
4792,0.2689709961414337
2015,0.1730663040652871
1451,0.17438973113894463
3440,0.10328315105289221
487,0.10783451201859862
6623,0.6651048380881548
4065,0.2907561082392931
5369,0.14059180533513427
3087,0.5855740197002888
3910,0.4653081186115742
4633,0.10161494294879958
447,0.10383195721078664
6157,0.16624989546835423
6679,0.10284935962408781
3727,0.643072709441185
1214,0.38491969741880894
2927,0.648553216829896
3956,0.6056840121746063
24,0.17068707663565874
5597,0.32526369020342827
4654,0.1172624018508941
1081,0.4989408664405346
2421,0.23211681842803955
6159,0.11436735792085528
753,0.1110161708202213
4296,0.2227021772414446
900,0.20757349394261837
5422,0.10341213503852487
922,0.497860100120306
3767,0.11670134426094592
6690,0.1555837420746684
671,0.10220486775506288
6111,0.30651009269058704
3368,0.2460432592779398
2797,0.6344686560332775
5100,0.5927884671837091
966,0.15437116846442223
5091,0.2946338653564453
715,0.28985616751015186
3672,0.15751319285482168
5499,0.48527197912335396
1696,0.6366833671927452
531,0.10300703591201454
2490,0.18157761730253696
458,0.17405932117253542
428,0.32153684087097645
2279,0.10352659923955798
2377,0.23782494477927685
4508,0.1455917968414724
2983,0.10387112840544432
1829,0.5778327025473118
3375,0.10182564496062696
4853,0.17603170592337847
3623,0.36011848971247673
5462,0.1765622040256858
4340,0.31778352707624435
4449,0.19790574442595243
1260,0.4488093927502632
6263,0.16341465711593628
154,0.16634542774409056
3514,0.15279972925782204
3864,0.481068953871727
3036,0.11038747825659811
2820,0.11000234889797866
18,0.2212391598150134
783,0.43081240728497505
6593,0.19579056650400162
3992,0.10480913450010121
1062,0.15793350152671337
6355,0.12727609928697348
2663,0.2537982724606991
6363,0.41106801480054855
5718,0.5252494551241398
6185,0.2562585771083832
4513,0.10460123349912465
2709,0.35813774913549423
3664,0.3209498878568411
6331,0.14059752598404884
2664,0.15079139173030853
3723,0.14604383427649736
4226,0.6082089841365814
5655,0.10473471065051854
868,0.21720184944570065
4722,0.1400197809562087
3069,0.1432269848883152
1802,0.10849228035658598
2687,0.3308622892946005
5700,0.46109332889318466
5218,0.11897181952372193
3693,0.11705120070837438
1154,0.10332292632665485
5571,0.17238134611397982
6875,0.10171902074944228
6519,0.22628778032958508
113,0.45846637710928917
2506,0.10173893673345447
2217,0.10572995548136532
2753,0.604751830920577
1105,0.4889925420284271
376,0.4454456549137831
1401,0.5464689247310162
6344,0.3772624786943197
6852,0.15486864186823368
5635,0.20955683663487434
5877,0.26661322824656963
1245,0.45780767872929573
6022,0.16714280098676682
5927,0.10296576772816479
5924,0.10126790555659682
4570,0.15749988239258528
1992,0.4378849193453789
2499,0.11622223979793489
6628,0.3255527261644602
1446,0.4912693630903959
3836,0.12812608224339783
5610,0.6033151298761368
3031,0.3270067051053047
1143,0.19895253330469131
469,0.32431560195982456
4227,0.10334626853000373
3536,0.6558301020413637
6445,0.42575474083423615
3090,0.5073348507285118
3537,0.17777451872825623
6847,0.21318705938756466
6656,0.10180369997397065
2760,0.10393320571165532
3682,0.6441830042749643
4933,0.2983014639467001
3312,0.29650798439979553
5003,0.5302650034427643
3448,0.2619119705632329
654,0.16926204599440098
2493,0.6123489327728748
4216,0.10125584149500355
5721,0.1026508582290262
2888,0.5919114556163549
3099,0.1031133244978264
2742,0.1082059214822948
4781,0.10871397028677166
7024,0.25982641987502575
2982,0.10353127494454384
3547,0.10399850807152689
4275,0.30556610226631165
3803,0.13539556879550219
3287,0.3285240698605776
164,0.10268925677519292
2868,0.44818122684955597
1546,0.10324901645071805
5943,0.6356701273471117
6393,0.3579156566411257
4139,0.47740592807531357
6898,0.2610704116523266
6974,0.2506810463964939
5412,0.142247021663934
5066,0.12373269163072109
936,0.11630717176012695
5119,0.42948511242866516
3906,0.6383404079824686
3394,0.13988419016823173
2650,0.35359677858650684
3763,0.568866316229105
4733,0.4009458590298891
6339,0.33875095285475254
4390,0.16919382009655237
2919,0.11105149425566196
5592,0.10215222300030291
1738,0.15093192365020514
866,0.11184480064548552
700,0.1182392886839807
3905,0.36167459934949875
1289,0.11172703350894153
2568,0.1025917122606188
2783,0.3038182631134987
1775,0.1629252228885889
2729,0.639231238514185
4061,0.17708243988454342
1586,0.15315789636224508
5551,0.16741008404642344
2333,0.13920873682945967
405,0.10133389395195991
3067,0.5817668028175831
163,0.10856016760226339
3834,0.11594911990687251
3679,0.39357600919902325
3762,0.3604194410145283
6740,0.26198140531778336
2899,0.10199241811642423
6727,0.40542446076869965
4267,0.10084936930797994
3449,0.16819535847753286
6872,0.1481088623404503
3781,0.10222977458033711
2604,0.34846036322414875
1878,0.18062731623649597
2999,0.14451751578599215
6181,0.2592565305531025
3658,0.26101386919617653
4838,0.21746321767568588
1104,0.10286077298223972
5706,0.6484076548367739
2350,0.6258634477853775
5642,0.10217177076265216
2517,0.6350860986858606
4705,0.45502218790352345
38,0.4676242172718048
1975,0.1036115373717621
603,0.20184400491416454
2305,0.3639829382300377
6779,0.1888376586139202
4932,0.15515960566699505
849,0.10322165093384683
3720,0.1882912451401353
126,0.4783225581049919
4415,0.10542062600143254
4638,0.6110955625772476
3550,0.37563190422952175
3006,0.5145337246358395
3907,0.2796352952718735
4870,0.1102060186676681
3845,0.5382756777107716
262,0.342917675152421
4871,0.16211339086294174
6902,0.1312937866896391
192,0.10166707017924637
6220,0.10717956605367362
3306,0.5549147948622704
1798,0.11238443036563694
3371,0.14806798938661814
1517,0.26005840115249157
4438,0.10399904032237828
4912,0.3165208678692579
3242,0.10378719307482243
2993,0.11389004392549396
2168,0.5804264508187771
6637,0.12926404643803835
4078,0.11230339738540351
6655,0.10182667488697916
3711,0.11403430625796318
3960,0.43709004111588
904,0.10702320863492787
4898,0.4296416211873293
128,0.2907561082392931
3726,0.3811922147870064
4186,0.19140476267784834
5222,0.17730243038386106
3703,0.10531701450236142
5311,0.18301409389823675
4017,0.11618906212970614
6490,0.10187098861206323
2222,0.45334343053400517
5415,0.3175455220043659
2962,0.33555220253765583
5631,0.3757321946322918
6577,0.10575894033536315
6429,0.13184430357068777
3982,0.10326194018125534
1893,0.2891332805156708
5302,0.282626623287797
383,0.5886602532118559
3227,0.24874714761972427
6137,0.23916649632155895
5105,0.16570132924243808
277,0.1856490233913064
3936,0.18756749015301466
5029,0.20347470976412296
2558,0.1028538387035951
6434,0.5262098722159863
2447,0.5217177346348763
4862,0.48987986147403717
3401,0.10432254895567894
4355,0.38150256499648094
1768,0.14581927843391895
2508,0.13801677990704775
3955,0.32604192569851875
717,0.41312522254884243
3346,0.6383624263107777
1171,0.2086791079491377
4630,0.17661292012780905
1703,0.28797109611332417
2457,0.21412733010947704
3350,0.4790310338139534
5149,0.1023323250701651
2012,0.34282211773097515
265,0.10188801097683609
1206,0.4814503788948059
2763,0.2179760904982686
3822,0.5854096561670303
2550,0.10346828261390328
5122,0.17200256697833538
4521,0.246969535946846
1834,0.48864221945405006
3708,0.10245063318870962
1114,0.43994821421802044
3081,0.43088337406516075
5871,0.1647548582404852
5999,0.19252020679414272
3534,0.22493047825992107
4640,0.604844843968749
5102,0.11115154391154647
7023,0.41497897915542126
4393,0.4386979825794697
6985,0.1503378041088581
5433,0.2542299758642912
6603,0.22245802730321884
5838,0.19164204876869917
2181,0.1541723175905645
1630,0.4557943921536207
4448,0.5176774803549051
5507,0.1436369912698865
5884,0.1646206509321928
7000,0.11701785679906607
1861,0.43590367399156094
4100,0.11916413228027523
5379,0.2149226050823927
6107,0.37787700444459915
4603,0.29806865379214287
2816,0.14131383271887898
2894,0.13032519724220037
4750,0.12623812118545175
3162,0.22248032316565514
3088,0.10601633857004344
560,0.30179682932794094
701,0.37199643068015575
5789,0.10245078837033361
3064,0.37836574018001556
3649,0.10520269826520234
5826,0.6357743609696627
1292,0.10639769490808249
2522,0.18134368769824505
6362,0.533332921564579
2254,0.1104781546164304
3632,0.33858565613627434
6184,0.19161952193826437
4678,0.6327093504369259
4556,0.5597081296145916
4121,0.47491617128252983
3411,0.44722288846969604
2244,0.11225505301263183
5905,0.6332518178969622
2460,0.10164466127753258
7008,0.5463849231600761
2221,0.1028456015046686
2978,0.3780042212456465
517,0.41212380677461624
4343,0.5623686611652374
6954,0.16597204748541117
1595,0.5358340404927731
2565,0.10489489696919918
1631,0.3568835239857435
2964,0.13852936495095491
6584,0.10261121834628284
2791,0.10408589278813452
6864,0.45239774137735367
3463,0.34923279471695423
6309,0.1011329322354868
699,0.10266783251427114
4693,0.10146207385696471
5661,0.18092402163892984
3628,0.2151087373495102
5627,0.570472851395607
6315,0.10673626489005983
5107,0.22008666954934597
3154,0.46614234521985054
6948,0.265208899974823
2773,0.2748110257089138
4455,0.49082087725400925
6377,0.34043723717331886
6251,0.2773728147149086
384,0.20874584093689919
2672,0.1099247878883034
2805,0.10205189813859761
5465,0.19245399348437786
6023,0.10208810225594789
6322,0.5659654513001442
1782,0.22936978191137314
3742,0.3045157864689827
2341,0.12815521890297532
5524,0.10597588028758764
3197,0.17188074020668864
2880,0.41400385089218616
2172,0.3957397025078535
4039,0.5714783556759357
5049,0.3360637966543436
4132,0.35124670527875423
4669,0.10180063475854695
5173,0.39815812930464745
3706,0.2897770255804062
2789,0.3916196320205927
6965,0.1792690772563219
2603,0.12395880627445877
5520,0.14613016694784164
4464,0.2922526244074106
861,0.11584211001172662
4307,0.5262542739510536
3814,0.10251367697492242
2381,0.10281090787611902
3899,0.32854171842336655
3392,0.20214870292693377
2819,0.31565599516034126
3896,0.10678805294446647
967,0.16426134388893843
1468,0.14497413020581007
1044,0.1196198808029294
4576,0.17167455051094294
1523,0.25147546641528606
3142,0.3763080444186926
6435,0.11684502218849957
4505,0.10265864711254835
2043,0.36069575510919094
4596,0.17042758781462908
4721,0.2931645419448614
1566,0.11846701242029667
4362,0.10404590854886919
2702,0.4512329027056694
250,0.19760148040950298
4824,0.17063665855675936
4506,0.10471103014424443
4234,0.1025885617127642
3678,0.24305095709860325
2759,0.2994985617697239
1366,0.5898874439299107
1345,0.27999140322208405
6175,0.20637046080082655
1956,0.12051954260095954
1441,0.20068718865513802
1467,0.2159928809851408
6967,0.4843037910759449
2440,0.15241155959665775
2210,0.17105916235595942
6115,0.11834804527461529
1333,0.11966759222559631
2451,0.24652067199349403
6384,0.10293567564804107
527,0.16301701264455914
5839,0.5917146913707256
3743,0.30389997363090515
3441,0.11690711881965399
5819,0.12508486909791827
6763,0.15293562039732933
4144,0.37242541648447514
2949,0.12565168179571629
5344,0.10306151187978685
1346,0.5554322898387909
4543,0.11077367071993649
945,0.4917267896234989
6433,0.10166280902922153
4162,0.10193616198375821
5728,0.45392707735300064
821,0.10588143789209425
4849,0.20359169505536556
5860,0.42241278663277626
5778,0.267866563051939
4466,0.5879842415452003
6761,0.4200581777840853
1875,0.10820394288748503
49,0.10631584702059627
2237,0.19456692785024643
2435,0.23084038961678743
3482,0.2305363304913044
3928,0.4374161195009947
6804,0.474148940294981
6701,0.20597706362605095
4877,0.1369227059185505
1187,0.16555748553946614
4823,0.39666510559618473
5406,0.13208448607474566
4403,0.16754590906202793
4512,0.10842772293835878
3202,0.5656835958361626
5812,0.5904147755354643
4382,0.3782530799508095
1179,0.3833436816930771
6659,0.10236435756087303
746,0.11363503173924983
7041,0.5792376659810543
4300,0.11231179279275239
3380,0.6414847727864981
1151,0.27889476530253887
5019,0.5310039408504963
5177,0.4830685295164585
3579,0.40752373076975346
6369,0.1578719075769186
3419,0.15508393850177526
5219,0.32490685395896435
3934,0.1216649217531085
4386,0.10454261838458478
5581,0.1293307594023645
2282,0.3687848448753357
4327,0.4017750732600689
4589,0.1035282202064991
3753,0.33247075229883194
552,0.10394842457026243
5444,0.40890729427337646
1567,0.2691059447824955
2926,0.132430677767843
4585,0.6615839470177889
2627,0.10306293098255992
1728,0.10465168266091496
4443,0.39240835420787334
1727,0.23180179297924042
6143,0.10294842207804322
618,0.17206546803936362
2510,0.6328577045351267
2161,0.5593157857656479
3085,0.6113388910889626
3922,0.27545631118118763
6544,0.4648754186928272
4256,0.10326434951275587
4320,0.11619034840259701
5057,0.5151057951152325
216,0.10489692399278283
3228,0.3021668251603842
267,0.39636473916471004
64,0.5461103990674019
449,0.13019968383014202
4845,0.10598115879110992
6585,0.10173600376583636
3201,0.1146659511141479
2796,0.2383095994591713
507,0.562462579458952
5402,0.10324644204229116
2990,0.3059162013232708
968,0.11106436769478023
3047,0.28060641698539257
6894,0.6292323432862759
2776,0.4032891020178795
4308,0.32672080025076866
4815,0.1603281912393868
1688,0.10166769835632294
5745,0.10305861127562821
4373,0.10292553587350994
6680,0.1543369642458856
650,0.5060846842825413
2731,0.23423833958804607
4847,0.461976807564497
6081,0.3749203309416771
2086,0.3487582989037037
5179,0.3893588315695524
6879,0.4167845584452152
4665,0.10412670765072107
2505,0.10931861167773604
5364,0.35772049613296986
6182,0.10200980526860803
284,0.3535627331584692
6718,0.5122155882418156
1383,0.403981139883399
5430,0.2740447726100683
4087,0.1460387296974659
213,0.1226662436965853
1389,0.4303346127271652
6365,0.5676433555781841
5268,0.10614242358133197
4015,0.11303582601249218
2293,0.10919256624765694
1699,0.1025424477411434
249,0.2263277042657137
6416,0.1233738383743912
5533,0.4771552998572588
6284,0.5363018736243248
4651,0.3719601985067129
5681,0.1385916923172772
2631,0.6438303999602795
3024,0.15401136549189687
175,0.14482380310073495
1144,0.5790145881474018
2785,0.1906576231122017
4737,0.11217276961542666
1458,0.29945224709808826
1420,0.40285574086010456
170,0.14008179865777493
5878,0.10953692230395973
2080,0.10517309349961579
779,0.42366061359643936
6356,0.2841052282601595
1073,0.6062470562756062
5694,0.17807497270405293
4579,0.46086372062563896
3305,0.4122340604662895
1398,0.3395925611257553
1305,0.20864874310791492
5212,0.10364219173789024
4667,0.18682721722871065
6447,0.11646692641079426
582,0.6351810060441494
631,0.1603163005784154
1377,0.10186577669810504
1770,0.3627581465989351
3476,0.21805564686655998
6665,0.24132833257317543
2142,0.12066220445558429
1216,0.1034234423423186
4982,0.20575747545808554
5954,0.23846272006630898
2684,0.2487146444618702
2296,0.4922100752592087
2665,0.23323039896786213
6678,0.10181720671243966
1772,0.534913394600153
2771,0.21377148758620024
3065,0.48823175951838493
3461,0.18807308841496706
954,0.5315346941351891
1001,0.392444821074605
1607,0.42181883566081524
4674,0.17515365639701486
652,0.10302603105083108
3472,0.3881054148077965
6866,0.652704643085599
2036,0.6093186680227518
1059,0.4133892487734556
2954,0.4755798429250717
5044,0.3857267498970032
4743,0.10780145728494972
6595,0.11515074130147696
1284,0.10149524721782655
4994,0.4772226233035326
5453,0.10184244636911899
4658,0.22217080928385258
4491,0.28736396320164204
139,0.6070876624435186
5103,0.16972149163484573
6466,0.28814031556248665
2651,0.43949612602591515
303,0.10470069758594036
2308,0.1813357975333929
4280,0.10269380931276828
4934,0.1391002954915166
6101,0.1297852718271315
6132,0.20112061128020287
1296,0.3014020137488842
6906,0.10351082216948271
1750,0.13437364855781198
1583,0.3520008325576782
5806,0.19774149544537067
2423,0.10291364067234099
6345,0.42758973874151707
6043,0.43183843046426773
1207,0.2548690512776375
1739,0.648553216829896
3508,0.12076187110505998
1664,0.2836524099111557
5854,0.24419749341905117
5756,0.10701440635602921
6088,0.5514910444617271
4148,0.14890857227146626
2464,0.6630648318678141
324,0.10197783506009728
6530,0.11361715942621231
3512,0.11230493662878871
6485,0.1888103191740811
503,0.18175091687589884
1119,0.10324251756537706
5692,0.221780925989151
1867,0.4848267175257206
5572,0.1063400482526049
2150,0.45984143391251564
1439,0.49779458716511726
4554,0.3557888977229595
5319,0.132475467864424
1824,0.10200785263441503
6273,0.4741623066365719
2081,0.29834641329944134
3630,0.18418363388627768
554,0.3403080068528652
6160,0.14671147894114256
6977,0.19102272670716047
5000,0.27254078164696693
2234,0.11362005583941936
87,0.102682571625337
1777,0.17370557598769665
674,0.35002436861395836
3885,0.5897639282047749
2156,0.5324038863182068
5691,0.10495664458721876
36,0.5201139114797115
1731,0.6526901852339506
4301,0.10222083586268127
325,0.2805482801049948
893,0.472768671810627
6939,0.20330387260764837
1443,0.30999571084976196
617,0.24852297268807888
5262,0.11584695288911462
2199,0.10205989982932806
5110,0.5739157199859619
1166,0.3410298265516758
2748,0.5304841790348291
3056,0.10346025321632624
2021,0.1534486603923142
5858,0.10846833256073296
522,0.24362696893513203
6564,0.17973700538277626
979,0.11121073178946972
6,0.4186390358954668
4474,0.10841742577031255
2206,0.29140776954591274
2874,0.10143478703685105
3152,0.16338188387453556
6147,0.18231337424367666
6110,0.2624320350587368
3544,0.32989725284278393
2473,0.16107830684632063
1117,0.12362186517566442
2011,0.21167858690023422
6972,0.2982475720345974
2479,0.10513977939262986
1926,0.48232034780085087
3644,0.1035997933940962
2877,0.3749374896287918
6522,0.1741527309641242
2179,0.12448768294416368
4593,0.18150236178189516
852,0.18400756549090147
5628,0.5162508580833673
6097,0.10992730874568224
4879,0.15507686883211136
807,0.14348685322329402
5787,0.311014149338007
4925,0.2089161342009902
581,0.39382877945899963
1412,0.46010226756334305
1462,0.10233428562059999
4710,0.12005272740498185
1544,0.18103385530412197
1730,0.47642519883811474
5423,0.4213610514998436
4175,0.10158419131767005
3966,0.12228532880544662
2772,0.1046411485876888
5881,0.12249721260741353
1815,0.10071485216030851
5115,0.10446175117976964
4995,0.5629885345697403
177,0.32913075760006905
4004,0.10178670869208872
959,0.40461876429617405
1115,0.10921869659796357
1573,0.19964235927909613
3525,0.40530063211917877
2227,0.11932122730650008
6454,0.23685223422944546
935,0.6110693290829659
4430,0.1383710247464478
4325,0.296495720744133
3365,0.10282001248560846
4577,0.2253403440117836
1286,0.2174869878217578
595,0.19025092106312513
481,0.2061146292835474
74,0.20629007183015347
2099,0.2697408013045788
3940,0.25885470770299435
5662,0.5959480125457048
6300,0.10427898052148521
4692,0.33288143388926983
4784,0.36642780154943466
6783,0.10391399660147727
3454,0.24160748347640038
510,0.17028263676911592
6599,0.45189306512475014
610,0.36260727047920227
3850,0.10423973179422319
6827,0.15648357337340713
3702,0.3982671294361353
5536,0.31999558210372925
53,0.5244083032011986
4365,0.1053830529563129
4249,0.2527612615376711
1635,0.2591134700924158
2503,0.1092407435644418
3470,0.2284550666809082
1477,0.20740428287535906
1045,0.4046142157167196
3776,0.20550659857690334
3737,0.3612056467682123
6611,0.11193247511982918
6244,0.3514898791909218
3869,0.24628261476755142
337,0.11987290624529123
2900,0.6477235984057188
6412,0.1351595800369978
6399,0.3902836702764034
4223,0.5099638178944588
1733,0.2962048817425966
5077,0.10420426563359797
1421,0.5148632824420929
4765,0.11068033939227462
153,0.11448957771062851
4708,0.10718024871312082
3701,0.11752538802102208
5143,0.1299195485189557
4439,0.10283108789008111
3857,0.18141310662031174
4758,0.10899530770257115
5613,0.10053573781624436
